{
  "index": "/index.html",
  "assetGroups": [{
    "name": "app",
    "installMode": "prefetch",
    "resources": {
      "files": [
        "/favicon.ico",
        "/index.html",
        "/*.css",
        "/*.js"
      ]
    }
  }, {
    "name": "assets",
    "installMode": "lazy",
    "updateMode": "prefetch",
    "resources": {
      "files": [
        "/assets/**",
        "/font/*"
      ]
    }
  }],
  "dataGroups": [
    {
        "name": "api-product",
        "urls": ["/api/products"],
        "cacheConfig" : {
            "maxSize": 100,
            "maxAge": "5d"
        }
    }],
    "navigationUrls": [
      "/**"
    ]
}
